Albatros,Animales
Alce,Animales
Alpaca,Animales
Anaconda,Animales
Anguila,Animales
Ardilla,Animales
Avestruz,Animales
Bisonte,Animales
Burro,Animales
Caballo,Animales
Cabra,Animales
Camello,Animales
Cangrejo,Animales
Canguro,Animales
Caracol,Animales
Cebra,Animales
Chinchilla,Animales
Codorniz,Animales
Conejo,Animales
Coyote,Animales
Dromedario,Animales
Elefante,Animales
Erizo,Animales
Estornino,Animales
Flamenco,Animales
Foca,Animales
Gacela,Animales
Ganso,Animales
Gato,Animales
Gaviota,Animales
Gecko,Animales
Golondrina,Animales
Gorila,Animales
Guacamayo,Animales
Hiena,Animales
Iguana,Animales
Jerbo,Animales
Jirafa,Animales
Langosta,Animales
Lince,Animales
Llama,Animales
Lobo,Animales
Loro,Animales
Mandril,Animales
Mariposa,Animales
Mirlo,Animales
Mono,Animales
Mula,Animales
Oso,Animales
Oveja,Animales
Paloma,Animales
Pargo,Animales
Pavo,Animales
Perdiz,Animales
Periquito,Animales
Perro,Animales
Petirrojo,Animales
Pez,Animales
Piraña,Animales
Quebrantahuesos,Animales
Rana,Animales
Rata,Animales
Rinoceronte,Animales
Salamandra,Animales
Sapo,Animales
Sardina,Animales
Serpiente,Animales
Tigre,Animales
Topo,Animales
Tortuga,Animales
Urraca,Animales
Zorro,Animales
Aguamarina,Colores
Albaricoque,Colores
Amarillo,Colores
Amatista,Colores
Azul,Colores
Beige,Colores
Blanco,Colores
Burdeos,Colores
Canela,Colores
Caqui,Colores
Carne,Colores
Castaño,Colores
Celeste,Colores
Chocolate,Colores
Cian,Colores
Cobalto,Colores
Cobre,Colores
Coral,Colores
Dorado,Colores
Escarlata,Colores
Esmeralda,Colores
Fucsia,Colores
Granate,Colores
Gris,Colores
Hueso,Colores
Jade,Colores
Lavanda,Colores
Lila,Colores
Lima,Colores
Lino,Colores
Magenta,Colores
Malva,Colores
Marfil,Colores
Menta,Colores
Morado,Colores
Mostaza,Colores
Naranja,Colores
Negro,Colores
Nieve,Colores
Ocre,Colores
Pardo,Colores
Perla,Colores
Plateado,Colores
Rojo,Colores
Rosa,Colores
Topacio,Colores
Turquesa,Colores
Verde,Colores
Violeta,Colores
Zafiro,Colores
Zanahoria,Colores
Ajedrez,Deportes
Atletismo,Deportes
Automovilismo,Deportes
Baloncesto,Deportes
Balonmano ,Deportes
Billar,Deportes
Bobsleigh,Deportes
Boxeo,Deportes
Buceo,Deportes
Capoeira,Deportes
Ciclismo,Deportes
Cricket,Deportes
Curling,Deportes
Dardos,Deportes
Escalada,Deportes
Esgrima,Deportes
Floorball,Deportes
Gimnasia,Deportes
Golf,Deportes
Halterofilia,Deportes
Handball,Deportes
Hockey ,Deportes
Judo,Deportes
Karate,Deportes
Kickboxing,Deportes
Kitesurf,Deportes
Lacrosse,Deportes
Motociclismo,Deportes
Parapente,Deportes
Parkour,Deportes
Patinaje ,Deportes
Petanca,Deportes
Polo,Deportes
Racquetball,Deportes
Rally,Deportes
Remo,Deportes
Rugby,Deportes
Skateboarding,Deportes
Skeleton,Deportes
Snowboarding,Deportes
Softbol,Deportes
Squash,Deportes
Surf,Deportes
Taekwondo,Deportes
Tenis,Deportes
Voleibol,Deportes
Waterpolo,Deportes
Windsurf,Deportes
Wrestling,Deportes
Actor,Profesiones
Adivinador,Profesiones
Albañil,Profesiones
Archivista,Profesiones
Armador,Profesiones
Arquitecto,Profesiones
Artista,Profesiones
Auditor,Profesiones
Autobusero,Profesiones
Bailarina,Profesiones
Barbero,Profesiones
Barista,Profesiones
Camarero,Profesiones
Cantante,Profesiones
Cazador,Profesiones
Cocinero,Profesiones
Contador,Profesiones
Corredor,Profesiones
Costurero,Profesiones
Crupier,Profesiones
Curandero,Profesiones
Decorador,Profesiones
Dentista,Profesiones
Director,Profesiones
Doctor,Profesiones
Economista,Profesiones
Enfermera,Profesiones
Escritor,Profesiones
Estilista,Profesiones
Flautista,Profesiones
Forense,Profesiones
Frutero,Profesiones
Funcionario,Profesiones
Guarda,Profesiones
Ilustrador,Profesiones
Inventor,Profesiones
Investigador,Profesiones
Juez,Profesiones
Lavandero,Profesiones
Locutor,Profesiones
Logopeda,Profesiones
Ministro,Profesiones
Notario,Profesiones
Optometrista,Profesiones
Panadero,Profesiones
Payaso,Profesiones
Periodista,Profesiones
Perito,Profesiones
Piloto,Profesiones
Presidente,Profesiones
Prestidigitador,Profesiones
Profesor,Profesiones
Programador,Profesiones
Publicista,Profesiones
Relojero,Profesiones
Repartidor,Profesiones
Sastre,Profesiones
Sicario,Profesiones
Taxista,Profesiones
Terapista,Profesiones
Traductor,Profesiones
Veterinario,Profesiones
Zapatero,Profesiones
Albania,Países
Alemania,Países
Andorra,Países
Angola,Países
Arabia,Países
Argelia,Países
Argentina,Países
Armenia,Países
Australia,Países
Austria,Países
Bahamas,Países
Bahrein,Países
Bangladesh,Países
Barbados,Países
Belice,Países
Benin,Países
Bhutan,Países
Bielorrusia,Países
Bolivia,Países
Botswana,Países
Brasil,Países
Brunei,Países
Bulgaria,Países
Burundi,Países
Camboya,Países
Catar,Países
Chad,Países
Chile,Países
China,Países
Chipre,Países
Colombia,Países
Comoras,Países
Congo,Países
Corea ,Países
Croacia,Países
Cuba,Países
Dinamarca,Países
Dominica,Países
Ecuador,Países
Egipto,Países
Eritrea,Países
Eslovaquia,Países
Eslovenia,Países
España,Países
Estonia,Países
Filipinas,Países
Finlandia,Países
Francia,Países
Gambia,Países
Georgia,Países
Ghana,Países
Granada,Países
Grecia,Países
Guatemala,Países
Guyana,Países
Honduras,Países
India,Países
Indonesia,Países
Irak,Países
Irlanda,Países
Islandia,Países
Israel,Países
Italia,Países
Jamaica,Países
Jordania,Países
Kenia,Países
Kosovo,Países
Kuwait,Países
Laos,Países
Lesoto,Países
Letonia,Países
Liberia,Países
Libia,Países
Lituania,Países
Luxemburgo,Países
Madagascar,Países
Malasia,Países
Maldivas,Países
Malta,Países
Marruecos,Países
Mauricio,Países
Mauritania,Países
Moldavia,Países
Mongolia,Países
Montenegro,Países
Mozambique,Países
Nepal,Países
Nicaragua,Países
Nigeria,Países
Noruega,Países
Palestina,Países
Paraguay,Países
Polonia,Países
Portugal,Países
Ruanda,Países
Rusia,Países
Samoa,Países
Senegal,Países
Serbia,Países
Seychelles,Países
Singapur,Países
Siria,Países
Somalia,Países
Suecia,Países
Suiza,Países
Surinam,Países
Tailandia,Países
Tanzania,Países
Ucrania,Países
Uganda,Países
Uruguay,Países
Venezuela,Países
Vietnam,Países
Zimbabue,Países